,regressor,R2
0,RF,0.2602291393752054
1,SVR,0.23579686826726554
2,LR,0.23019906841428994
3,LR,-3.9862900452399726e+27
