,regressor,R2
0,RF,0.08621120260465975
1,SVR,0.09466694616308602
